Category,Scores,,,,,,,,,,,,,,,,,,Datetime,Category
Studying,73271,,,,,,,,,,,,,,,,,,23-02-2021 01:14,veganism
healthy eating,70662,,,,,,,,,,,,,,,,,,21-07-2020 09:23,veganism
technology,69339,,347587,,,,,,,,,,,,,,,,17-01-2021 23:46,veganism
food,67689,,,,,,,,,,,,,,,,,,19-05-2021 10:39,veganism
cooking,66626,,,,,,,,,,,,,,,,,,29-10-2020 13:22,veganism
dogs,64880,,,,,,,,,,,,,,,,,,20-07-2020 16:35,veganism
soccer,64542,,,,,,,,,,,,,,,,,,14-03-2021 19:23,veganism
public speaking,63982,,,,,,,,,,,,,,,,,,29-07-2020 21:13,veganism
science,57436,,,,,,,,,,,,,,,,,,09-01-2021 11:20,veganism
tennis,55323,,,,,,,,,,,,,,,,,,27-06-2020 17:59,veganism
travel,55315,,,,,,,,,,,,,,,,,,07-12-2020 11:41,veganism
fitness,53723,,,,,,,,,,,,,,,,,,10-05-2021 11:45,veganism
education,50748,,,,,,,,,,,,,,,,,,04-02-2021 11:26,veganism
veganism,50339,,,,,,,,,,,,,,,,,,30-09-2020 18:21,veganism
Animals,48490,,,,,,,,,,,,,,,,,,02-02-2021 09:22,veganism
culture,48285,,,,,,,,,,,,,,,,,,03-05-2021 18:01,veganism
,,,,,,,,,,,,,,,,,,,10-05-2021 19:45,veganism
,,,,,,,,,,,,,,,,,,,07-10-2020 13:22,veganism
,,,,,,,,,,,,,,,,,,,25-10-2020 17:21,veganism
,,,,,,,,,,,,,,,,,,,10-04-2021 18:40,veganism
,,,,,,,,,,,,,,,,,,,03-01-2021 20:01,veganism
,,,,,,,,,,,,,,,,,,,29-04-2021 04:36,veganism
,,,,,,,,,,,,,,,,,,,07-05-2021 14:55,veganism
,,,,,,,,,,,,,,,,,,,09-02-2021 08:21,veganism
,,,,,,,,,,,,,,,,,,,02-01-2021 02:38,veganism
,,,,,,,,,,,,,,,,,,,02-08-2020 11:25,veganism
,,,,,,,,,,,,,,,,,,,11-01-2021 10:46,veganism
,,,,,,,,,,,,,,,,,,,26-11-2020 18:31,veganism
,,,,,,,,,,,,,,,,,,,14-11-2020 16:47,veganism
,,,,,,,,,,,,,,,,,,,16-08-2020 02:17,veganism
,,,,,,,,,,,,,,,,,,,28-09-2020 03:59,veganism
,,,,,,,,,,,,,,,,,,,12-04-2021 15:08,veganism
,,,,,,,,,,,,,,,,,,,21-06-2020 14:10,veganism
,,,,,,,,,,,,,,,,,,,11-02-2021 00:21,veganism
,,,,,,,,,,,,,,,,,,,12-01-2021 21:32,veganism
,,,,,,,,,,,,,,,,,,,18-04-2021 18:04,veganism
,,,,,,,,,,,,,,,,,,,29-03-2021 21:05,veganism
,,,,,,,,,,,,,,,,,,,27-08-2020 23:25,veganism
,,,,,,,,,,,,,,,,,,,14-03-2021 05:20,veganism
,,,,,,,,,,,,,,,,,,,14-02-2021 11:57,veganism
,,,,,,,,,,,,,,,,,,,14-03-2021 23:32,veganism
,,,,,,,,,,,,,,,,,,,05-11-2020 17:43,veganism
,,,,,,,,,,,,,,,,,,,30-06-2020 11:21,veganism
,,,,,,,,,,,,,,,,,,,25-03-2021 13:52,veganism
,,,,,,,,,,,,,,,,,,,06-12-2020 06:14,veganism
,,,,,,,,,,,,,,,,,,,29-05-2021 05:32,veganism
,,,,,,,,,,,,,,,,,,,08-09-2020 15:43,veganism
,,,,,,,,,,,,,,,,,,,12-11-2020 18:44,veganism
,,,,,,,,,,,,,,,,,,,01-09-2020 16:08,veganism
,,,,,,,,,,,,,,,,,,,17-03-2021 02:28,veganism
,,,,,,,,,,,,,,,,,,,04-04-2021 08:34,veganism
,,,,,,,,,,,,,,,,,,,01-06-2021 03:26,veganism
,,,,,,,,,,,,,,,,,,,30-12-2020 08:46,veganism
,,,,,,,,,,,,,,,,,,,21-02-2021 06:29,veganism
,,,,,,,,,,,,,,,,,,,30-09-2020 07:16,veganism
,,,,,,,,,,,,,,,,,,,23-07-2020 18:39,veganism
,,,,,,,,,,,,,,,,,,,18-12-2020 05:58,veganism
,,,,,,,,,,,,,,,,,,,11-07-2020 18:45,veganism
,,,,,,,,,,,,,,,,,,,01-05-2021 16:16,veganism
,,,,,,,,,,,,,,,,,,,24-10-2020 01:46,veganism
,,,,,,,,,,,,,,,,,,,16-01-2021 07:40,veganism
,,,,,,,,,,,,,,,,,,,26-06-2020 10:28,veganism
,,,,,,,,,,,,,,,,,,,19-07-2020 21:25,veganism
,,,,,,,,,,,,,,,,,,,24-03-2021 22:50,veganism
,,,,,,,,,,,,,,,,,,,08-07-2020 04:01,veganism
,,,,,,,,,,,,,,,,,,,18-03-2021 10:11,veganism
,,,,,,,,,,,,,,,,,,,10-12-2020 12:27,veganism
,,,,,,,,,,,,,,,,,,,10-10-2020 07:56,veganism
,,,,,,,,,,,,,,,,,,,07-09-2020 00:00,veganism
,,,,,,,,,,,,,,,,,,,18-01-2021 20:13,veganism
,,,,,,,,,,,,,,,,,,,15-04-2021 19:16,veganism
,,,,,,,,,,,,,,,,,,,12-01-2021 22:19,veganism
,,,,,,,,,,,,,,,,,,,14-06-2021 06:42,veganism
,,,,,,,,,,,,,,,,,,,30-09-2020 20:36,veganism
,,,,,,,,,,,,,,,,,,,06-03-2021 18:51,veganism
,,,,,,,,,,,,,,,,,,,27-05-2021 07:21,veganism
,,,,,,,,,,,,,,,,,,,02-02-2021 13:50,veganism
,,,,,,,,,,,,,,,,,,,01-10-2020 18:43,veganism
,,,,,,,,,,,,,,,,,,,04-12-2020 05:18,veganism
,,,,,,,,,,,,,,,,,,,10-12-2020 23:24,veganism
,,,,,,,,,,,,,,,,,,,11-02-2021 21:57,veganism
,,,,,,,,,,,,,,,,,,,24-08-2020 02:54,veganism
,,,,,,,,,,,,,,,,,,,02-11-2020 00:27,veganism
,,,,,,,,,,,,,,,,,,,08-04-2021 23:30,veganism
,,,,,,,,,,,,,,,,,,,27-06-2020 08:23,veganism
,,,,,,,,,,,,,,,,,,,21-09-2020 23:59,veganism
,,,,,,,,,,,,,,,,,,,04-05-2021 03:58,veganism
,,,,,,,,,,,,,,,,,,,23-10-2020 03:48,veganism
,,,,,,,,,,,,,,,,,,,10-10-2020 21:17,veganism
,,,,,,,,,,,,,,,,,,,02-09-2020 22:27,veganism
,,,,,,,,,,,,,,,,,,,24-10-2020 17:10,veganism
,,,,,,,,,,,,,,,,,,,07-07-2020 03:12,veganism
,,,,,,,,,,,,,,,,,,,26-08-2020 19:21,veganism
,,,,,,,,,,,,,,,,,,,22-01-2021 18:38,veganism
,,,,,,,,,,,,,,,,,,,17-10-2020 18:29,veganism
,,,,,,,,,,,,,,,,,,,23-08-2020 06:38,veganism
,,,,,,,,,,,,,,,,,,,06-12-2020 02:32,veganism
,,,,,,,,,,,,,,,,,,,23-10-2020 14:30,veganism
,,,,,,,,,,,,,,,,,,,11-01-2021 06:56,veganism
,,,,,,,,,,,,,,,,,,,13-01-2021 20:09,veganism
,,,,,,,,,,,,,,,,,,,01-08-2020 18:19,veganism
,,,,,,,,,,,,,,,,,,,29-06-2020 23:51,Veganism
,,,,,,,,,,,,,,,,,,,06-05-2021 07:29,Veganism
,,,,,,,,,,,,,,,,,,,10-02-2021 16:00,Veganism
,,,,,,,,,,,,,,,,,,,27-07-2020 14:54,Veganism
,,,,,,,,,,,,,,,,,,,12-02-2021 22:19,Veganism
,,,,,,,,,,,,,,,,,,,25-09-2020 22:29,Veganism
,,,,,,,,,,,,,,,,,,,25-08-2020 13:51,Veganism
,,,,,,,,,,,,,,,,,,,29-10-2020 09:24,Veganism
,,,,,,,,,,,,,,,,,,,01-11-2020 08:01,Veganism
,,,,,,,,,,,,,,,,,,,29-05-2021 12:38,Veganism
,,,,,,,,,,,,,,,,,,,02-03-2021 00:56,Veganism
,,,,,,,,,,,,,,,,,,,30-10-2020 03:41,veganism
,,,,,,,,,,,,,,,,,,,26-01-2021 14:35,veganism
,,,,,,,,,,,,,,,,,,,13-03-2021 23:54,veganism
,,,,,,,,,,,,,,,,,,,12-03-2021 20:47,veganism
,,,,,,,,,,,,,,,,,,,15-07-2020 18:27,veganism
,,,,,,,,,,,,,,,,,,,26-07-2020 22:20,veganism
,,,,,,,,,,,,,,,,,,,02-04-2021 04:54,veganism
,,,,,,,,,,,,,,,,,,,16-05-2021 09:09,veganism
,,,,,,,,,,,,,,,,,,,28-05-2021 00:25,veganism
,,,,,,,,,,,,,,,,,,,29-06-2020 14:48,veganism
,,,,,,,,,,,,,,,,,,,25-11-2020 09:28,veganism
,,,,,,,,,,,,,,,,,,,25-05-2021 13:19,veganism
,,,,,,,,,,,,,,,,,,,13-09-2020 09:44,veganism
,,,,,,,,,,,,,,,,,,,11-04-2021 17:19,veganism
,,,,,,,,,,,,,,,,,,,23-10-2020 21:01,veganism
,,,,,,,,,,,,,,,,,,,01-06-2021 07:43,veganism
,,,,,,,,,,,,,,,,,,,04-07-2020 16:40,veganism
,,,,,,,,,,,,,,,,,,,24-07-2020 11:03,veganism
,,,,,,,,,,,,,,,,,,,02-03-2021 19:17,veganism
,,,,,,,,,,,,,,,,,,,16-12-2020 20:26,veganism
,,,,,,,,,,,,,,,,,,,20-04-2021 12:13,veganism
,,,,,,,,,,,,,,,,,,,25-08-2020 04:46,veganism
,,,,,,,,,,,,,,,,,,,07-12-2020 15:19,veganism
,,,,,,,,,,,,,,,,,,,14-12-2020 22:00,veganism
,,,,,,,,,,,,,,,,,,,16-08-2020 16:14,veganism
,,,,,,,,,,,,,,,,,,,20-09-2020 11:43,veganism
,,,,,,,,,,,,,,,,,,,14-09-2020 16:38,veganism
,,,,,,,,,,,,,,,,,,,20-09-2020 21:40,veganism
,,,,,,,,,,,,,,,,,,,31-10-2020 18:17,veganism
,,,,,,,,,,,,,,,,,,,14-03-2021 18:53,veganism
,,,,,,,,,,,,,,,,,,,15-01-2021 21:13,veganism
,,,,,,,,,,,,,,,,,,,26-10-2020 09:09,veganism
,,,,,,,,,,,,,,,,,,,09-07-2020 14:53,veganism
,,,,,,,,,,,,,,,,,,,22-08-2020 18:11,veganism
,,,,,,,,,,,,,,,,,,,10-09-2020 19:30,veganism
,,,,,,,,,,,,,,,,,,,07-08-2020 08:59,veganism
,,,,,,,,,,,,,,,,,,,12-01-2021 23:43,veganism
,,,,,,,,,,,,,,,,,,,03-06-2021 09:25,veganism
,,,,,,,,,,,,,,,,,,,21-07-2020 02:54,veganism
,,,,,,,,,,,,,,,,,,,19-04-2021 18:18,veganism
,,,,,,,,,,,,,,,,,,,12-07-2020 11:52,veganism
,,,,,,,,,,,,,,,,,,,30-05-2021 19:24,veganism
,,,,,,,,,,,,,,,,,,,29-10-2020 02:29,veganism
,,,,,,,,,,,,,,,,,,,30-06-2020 13:41,veganism
,,,,,,,,,,,,,,,,,,,23-09-2020 14:38,veganism
,,,,,,,,,,,,,,,,,,,25-11-2020 06:59,veganism
,,,,,,,,,,,,,,,,,,,23-05-2021 19:43,veganism
,,,,,,,,,,,,,,,,,,,26-06-2020 19:59,veganism
,,,,,,,,,,,,,,,,,,,01-12-2020 15:15,veganism
,,,,,,,,,,,,,,,,,,,05-10-2020 23:20,veganism
,,,,,,,,,,,,,,,,,,,28-05-2021 02:01,veganism
,,,,,,,,,,,,,,,,,,,04-01-2021 00:34,veganism
,,,,,,,,,,,,,,,,,,,06-04-2021 04:27,veganism
,,,,,,,,,,,,,,,,,,,23-08-2020 11:36,veganism
,,,,,,,,,,,,,,,,,,,08-11-2020 10:50,veganism
,,,,,,,,,,,,,,,,,,,23-09-2020 18:41,veganism
,,,,,,,,,,,,,,,,,,,17-10-2020 22:47,veganism
,,,,,,,,,,,,,,,,,,,20-06-2020 23:50,veganism
,,,,,,,,,,,,,,,,,,,21-05-2021 12:26,veganism
,,,,,,,,,,,,,,,,,,,01-07-2020 22:17,veganism
,,,,,,,,,,,,,,,,,,,31-12-2020 19:41,veganism
,,,,,,,,,,,,,,,,,,,28-05-2021 22:01,veganism
,,,,,,,,,,,,,,,,,,,20-11-2020 12:46,veganism
,,,,,,,,,,,,,,,,,,,22-08-2020 13:26,veganism
,,,,,,,,,,,,,,,,,,,04-10-2020 17:40,veganism
,,,,,,,,,,,,,,,,,,,26-01-2021 22:33,veganism
,,,,,,,,,,,,,,,,,,,07-04-2021 19:32,veganism
,,,,,,,,,,,,,,,,,,,03-09-2020 17:54,veganism
,,,,,,,,,,,,,,,,,,,06-07-2020 02:33,veganism
,,,,,,,,,,,,,,,,,,,29-03-2021 11:19,veganism
,,,,,,,,,,,,,,,,,,,19-09-2020 11:35,veganism
,,,,,,,,,,,,,,,,,,,21-08-2020 18:00,veganism
,,,,,,,,,,,,,,,,,,,21-11-2020 08:12,veganism
,,,,,,,,,,,,,,,,,,,09-03-2021 02:42,veganism
,,,,,,,,,,,,,,,,,,,08-12-2020 19:24,veganism
,,,,,,,,,,,,,,,,,,,09-02-2021 21:17,veganism
,,,,,,,,,,,,,,,,,,,28-02-2021 07:33,veganism
,,,,,,,,,,,,,,,,,,,28-02-2021 10:14,veganism
,,,,,,,,,,,,,,,,,,,24-04-2021 05:05,veganism
,,,,,,,,,,,,,,,,,,,07-01-2021 08:30,veganism
,,,,,,,,,,,,,,,,,,,23-01-2021 05:13,veganism
,,,,,,,,,,,,,,,,,,,25-04-2021 01:55,veganism
,,,,,,,,,,,,,,,,,,,20-03-2021 19:33,veganism
,,,,,,,,,,,,,,,,,,,26-05-2021 17:28,veganism
,,,,,,,,,,,,,,,,,,,28-02-2021 12:56,veganism
,,,,,,,,,,,,,,,,,,,23-06-2020 16:15,veganism
,,,,,,,,,,,,,,,,,,,04-07-2020 15:02,veganism
,,,,,,,,,,,,,,,,,,,27-04-2021 14:19,veganism
,,,,,,,,,,,,,,,,,,,01-11-2020 07:16,veganism
,,,,,,,,,,,,,,,,,,,05-11-2020 17:56,veganism
,,,,,,,,,,,,,,,,,,,25-12-2020 23:55,veganism
,,,,,,,,,,,,,,,,,,,02-06-2021 20:44,veganism
,,,,,,,,,,,,,,,,,,,31-07-2020 12:20,veganism
,,,,,,,,,,,,,,,,,,,08-06-2021 11:48,veganism
,,,,,,,,,,,,,,,,,,,19-07-2020 09:41,veganism
,,,,,,,,,,,,,,,,,,,21-11-2020 09:38,veganism
,,,,,,,,,,,,,,,,,,,20-12-2020 15:29,veganism
,,,,,,,,,,,,,,,,,,,10-11-2020 14:11,veganism
,,,,,,,,,,,,,,,,,,,13-07-2020 22:31,veganism
,,,,,,,,,,,,,,,,,,,15-05-2021 08:11,veganism
,,,,,,,,,,,,,,,,,,,16-11-2020 13:31,veganism
,,,,,,,,,,,,,,,,,,,22-11-2020 21:51,veganism
,,,,,,,,,,,,,,,,,,,09-07-2020 23:28,veganism
,,,,,,,,,,,,,,,,,,,21-06-2020 23:19,veganism
,,,,,,,,,,,,,,,,,,,03-11-2020 13:15,veganism
,,,,,,,,,,,,,,,,,,,02-08-2020 08:24,veganism
,,,,,,,,,,,,,,,,,,,23-12-2020 07:50,veganism
,,,,,,,,,,,,,,,,,,,29-01-2021 21:01,veganism
,,,,,,,,,,,,,,,,,,,10-05-2021 23:45,veganism
,,,,,,,,,,,,,,,,,,,28-05-2021 11:07,veganism
,,,,,,,,,,,,,,,,,,,21-04-2021 10:19,veganism
,,,,,,,,,,,,,,,,,,,03-05-2021 04:54,veganism
,,,,,,,,,,,,,,,,,,,18-01-2021 20:42,veganism
,,,,,,,,,,,,,,,,,,,03-08-2020 10:15,veganism
,,,,,,,,,,,,,,,,,,,16-01-2021 04:09,veganism
,,,,,,,,,,,,,,,,,,,30-05-2021 02:16,veganism
,,,,,,,,,,,,,,,,,,,16-04-2021 20:29,veganism
,,,,,,,,,,,,,,,,,,,26-06-2020 19:01,veganism
,,,,,,,,,,,,,,,,,,,23-08-2020 14:32,veganism
,,,,,,,,,,,,,,,,,,,27-03-2021 08:48,veganism
,,,,,,,,,,,,,,,,,,,03-12-2020 03:18,veganism
,,,,,,,,,,,,,,,,,,,11-08-2020 14:40,veganism
,,,,,,,,,,,,,,,,,,,27-10-2020 20:22,veganism
,,,,,,,,,,,,,,,,,,,22-08-2020 04:52,veganism
,,,,,,,,,,,,,,,,,,,03-05-2021 02:48,veganism
,,,,,,,,,,,,,,,,,,,25-02-2021 21:07,veganism
,,,,,,,,,,,,,,,,,,,10-02-2021 12:15,veganism
,,,,,,,,,,,,,,,,,,,19-10-2020 09:35,veganism
,,,,,,,,,,,,,,,,,,,20-03-2021 13:15,veganism
,,,,,,,,,,,,,,,,,,,24-09-2020 15:44,veganism
,,,,,,,,,,,,,,,,,,,09-01-2021 16:28,veganism
,,,,,,,,,,,,,,,,,,,18-11-2020 02:23,veganism
,,,,,,,,,,,,,,,,,,,12-08-2020 00:02,veganism
,,,,,,,,,,,,,,,,,,,01-11-2020 00:09,veganism
,,,,,,,,,,,,,,,,,,,30-07-2020 11:31,veganism
,,,,,,,,,,,,,,,,,,,14-06-2021 09:34,veganism
,,,,,,,,,,,,,,,,,,,12-05-2021 23:52,veganism
,,,,,,,,,,,,,,,,,,,21-05-2021 00:41,veganism
,,,,,,,,,,,,,,,,,,,25-07-2020 20:12,veganism
,,,,,,,,,,,,,,,,,,,25-08-2020 13:08,veganism
,,,,,,,,,,,,,,,,,,,23-03-2021 13:33,veganism
,,,,,,,,,,,,,,,,,,,23-06-2020 22:55,veganism
,,,,,,,,,,,,,,,,,,,30-09-2020 22:52,veganism
,,,,,,,,,,,,,,,,,,,20-10-2020 10:32,veganism
,,,,,,,,,,,,,,,,,,,28-06-2020 00:37,veganism
,,,,,,,,,,,,,,,,,,,20-07-2020 00:32,veganism
,,,,,,,,,,,,,,,,,,,23-07-2020 11:46,veganism
,,,,,,,,,,,,,,,,,,,05-02-2021 20:34,veganism
,,,,,,,,,,,,,,,,,,,20-09-2020 03:12,veganism
,,,,,,,,,,,,,,,,,,,12-04-2021 20:52,veganism
,,,,,,,,,,,,,,,,,,,13-09-2020 17:08,veganism
,,,,,,,,,,,,,,,,,,,12-08-2020 20:39,veganism
,,,,,,,,,,,,,,,,,,,16-09-2020 06:21,veganism
,,,,,,,,,,,,,,,,,,,28-10-2020 15:04,veganism
,,,,,,,,,,,,,,,,,,,18-04-2021 01:10,veganism
,,,,,,,,,,,,,,,,,,,07-02-2021 10:09,veganism
,,,,,,,,,,,,,,,,,,,13-07-2020 08:57,veganism
,,,,,,,,,,,,,,,,,,,28-01-2021 11:30,veganism
,,,,,,,,,,,,,,,,,,,19-07-2020 00:37,veganism
,,,,,,,,,,,,,,,,,,,14-08-2020 03:15,veganism
,,,,,,,,,,,,,,,,,,,13-11-2020 09:03,veganism
,,,,,,,,,,,,,,,,,,,29-04-2021 15:44,veganism
,,,,,,,,,,,,,,,,,,,25-12-2020 05:33,veganism
,,,,,,,,,,,,,,,,,,,09-03-2021 06:09,veganism
,,,,,,,,,,,,,,,,,,,22-04-2021 12:03,veganism
,,,,,,,,,,,,,,,,,,,25-04-2021 00:30,veganism
,,,,,,,,,,,,,,,,,,,21-01-2021 15:36,veganism
,,,,,,,,,,,,,,,,,,,29-10-2020 07:51,veganism
,,,,,,,,,,,,,,,,,,,19-01-2021 05:02,veganism
,,,,,,,,,,,,,,,,,,,12-10-2020 04:43,veganism
,,,,,,,,,,,,,,,,,,,18-02-2021 01:30,veganism
,,,,,,,,,,,,,,,,,,,28-03-2021 23:04,veganism
,,,,,,,,,,,,,,,,,,,26-03-2021 12:21,veganism
,,,,,,,,,,,,,,,,,,,11-09-2020 05:24,veganism
,,,,,,,,,,,,,,,,,,,27-02-2021 20:58,veganism
,,,,,,,,,,,,,,,,,,,30-03-2021 17:05,veganism
,,,,,,,,,,,,,,,,,,,28-01-2021 15:11,veganism
,,,,,,,,,,,,,,,,,,,28-04-2021 07:55,veganism
,,,,,,,,,,,,,,,,,,,15-03-2021 20:57,veganism
,,,,,,,,,,,,,,,,,,,20-06-2020 15:49,veganism
,,,,,,,,,,,,,,,,,,,06-02-2021 04:36,veganism
,,,,,,,,,,,,,,,,,,,12-09-2020 10:42,veganism
,,,,,,,,,,,,,,,,,,,11-05-2021 22:27,veganism
,,,,,,,,,,,,,,,,,,,11-12-2020 03:03,veganism
,,,,,,,,,,,,,,,,,,,15-01-2021 07:24,veganism
,,,,,,,,,,,,,,,,,,,09-10-2020 01:43,veganism
,,,,,,,,,,,,,,,,,,,15-03-2021 04:29,veganism
,,,,,,,,,,,,,,,,,,,17-12-2020 16:24,veganism
,,,,,,,,,,,,,,,,,,,03-11-2020 02:39,veganism
,,,,,,,,,,,,,,,,,,,22-10-2020 03:45,veganism
,,,,,,,,,,,,,,,,,,,17-03-2021 08:16,veganism
,,,,,,,,,,,,,,,,,,,02-05-2021 01:38,veganism
,,,,,,,,,,,,,,,,,,,14-10-2020 05:22,veganism
,,,,,,,,,,,,,,,,,,,24-12-2020 15:48,veganism
,,,,,,,,,,,,,,,,,,,25-06-2020 17:21,veganism
,,,,,,,,,,,,,,,,,,,31-05-2021 11:38,veganism
,,,,,,,,,,,,,,,,,,,01-09-2020 18:06,veganism
,,,,,,,,,,,,,,,,,,,22-07-2020 09:05,veganism
,,,,,,,,,,,,,,,,,,,30-06-2020 21:34,veganism
,,,,,,,,,,,,,,,,,,,15-12-2020 22:29,veganism
,,,,,,,,,,,,,,,,,,,17-02-2021 11:34,veganism
,,,,,,,,,,,,,,,,,,,13-04-2021 06:44,veganism
,,,,,,,,,,,,,,,,,,,11-01-2021 15:21,veganism
,,,,,,,,,,,,,,,,,,,05-10-2020 14:26,veganism
,,,,,,,,,,,,,,,,,,,01-10-2020 19:36,veganism
,,,,,,,,,,,,,,,,,,,11-05-2021 04:02,veganism
,,,,,,,,,,,,,,,,,,,25-02-2021 00:00,veganism
,,,,,,,,,,,,,,,,,,,27-08-2020 09:56,veganism
,,,,,,,,,,,,,,,,,,,22-06-2020 16:50,veganism
,,,,,,,,,,,,,,,,,,,27-06-2020 05:59,veganism
,,,,,,,,,,,,,,,,,,,01-01-2021 03:32,veganism
,,,,,,,,,,,,,,,,,,,19-08-2020 01:21,veganism
,,,,,,,,,,,,,,,,,,,21-09-2020 08:38,veganism
,,,,,,,,,,,,,,,,,,,24-04-2021 20:14,veganism
,,,,,,,,,,,,,,,,,,,24-10-2020 02:47,veganism
,,,,,,,,,,,,,,,,,,,10-09-2020 15:17,veganism
,,,,,,,,,,,,,,,,,,,04-03-2021 21:51,veganism
,,,,,,,,,,,,,,,,,,,25-12-2020 16:58,veganism
,,,,,,,,,,,,,,,,,,,02-11-2020 06:02,veganism
,,,,,,,,,,,,,,,,,,,08-02-2021 05:22,veganism
,,,,,,,,,,,,,,,,,,,17-01-2021 17:53,veganism
,,,,,,,,,,,,,,,,,,,04-01-2021 04:26,veganism
,,,,,,,,,,,,,,,,,,,29-09-2020 18:34,veganism
,,,,,,,,,,,,,,,,,,,25-11-2020 17:42,veganism
,,,,,,,,,,,,,,,,,,,22-07-2020 15:44,veganism
,,,,,,,,,,,,,,,,,,,20-11-2020 19:40,veganism
,,,,,,,,,,,,,,,,,,,08-04-2021 16:05,veganism
,,,,,,,,,,,,,,,,,,,30-01-2021 17:15,veganism
,,,,,,,,,,,,,,,,,,,05-08-2020 09:16,veganism
,,,,,,,,,,,,,,,,,,,06-05-2021 08:40,veganism
,,,,,,,,,,,,,,,,,,,12-07-2020 11:54,veganism
,,,,,,,,,,,,,,,,,,,18-09-2020 14:12,veganism
,,,,,,,,,,,,,,,,,,,09-03-2021 09:03,veganism
,,,,,,,,,,,,,,,,,,,24-05-2021 13:30,veganism
,,,,,,,,,,,,,,,,,,,31-10-2020 03:03,veganism
,,,,,,,,,,,,,,,,,,,30-07-2020 09:59,veganism
,,,,,,,,,,,,,,,,,,,27-04-2021 11:29,veganism
,,,,,,,,,,,,,,,,,,,15-09-2020 16:41,veganism
,,,,,,,,,,,,,,,,,,,01-02-2021 14:25,veganism
,,,,,,,,,,,,,,,,,,,23-12-2020 03:39,veganism
,,,,,,,,,,,,,,,,,,,07-09-2020 00:00,veganism
,,,,,,,,,,,,,,,,,,,09-09-2020 19:59,veganism
,,,,,,,,,,,,,,,,,,,17-03-2021 05:18,veganism
,,,,,,,,,,,,,,,,,,,25-10-2020 00:37,veganism
,,,,,,,,,,,,,,,,,,,22-01-2021 01:43,veganism
,,,,,,,,,,,,,,,,,,,27-11-2020 13:02,veganism
,,,,,,,,,,,,,,,,,,,10-09-2020 21:20,veganism
,,,,,,,,,,,,,,,,,,,16-05-2021 04:22,veganism
,,,,,,,,,,,,,,,,,,,03-01-2021 22:37,veganism
,,,,,,,,,,,,,,,,,,,08-10-2020 09:46,veganism
,,,,,,,,,,,,,,,,,,,22-08-2020 11:31,veganism
,,,,,,,,,,,,,,,,,,,22-05-2021 00:06,veganism
,,,,,,,,,,,,,,,,,,,11-09-2020 10:49,veganism
,,,,,,,,,,,,,,,,,,,26-12-2020 02:36,veganism
,,,,,,,,,,,,,,,,,,,19-11-2020 19:03,veganism
,,,,,,,,,,,,,,,,,,,14-03-2021 19:09,veganism
,,,,,,,,,,,,,,,,,,,12-02-2021 00:41,veganism
,,,,,,,,,,,,,,,,,,,07-10-2020 19:43,veganism
,,,,,,,,,,,,,,,,,,,02-04-2021 23:58,veganism
,,,,,,,,,,,,,,,,,,,13-09-2020 03:12,veganism
,,,,,,,,,,,,,,,,,,,21-02-2021 14:01,veganism
,,,,,,,,,,,,,,,,,,,02-04-2021 08:00,veganism
,,,,,,,,,,,,,,,,,,,11-11-2020 22:16,veganism
,,,,,,,,,,,,,,,,,,,19-05-2021 00:24,veganism
,,,,,,,,,,,,,,,,,,,18-05-2021 08:02,veganism
,,,,,,,,,,,,,,,,,,,13-12-2020 23:45,veganism
,,,,,,,,,,,,,,,,,,,12-10-2020 08:51,veganism
,,,,,,,,,,,,,,,,,,,08-03-2021 08:54,veganism
,,,,,,,,,,,,,,,,,,,25-08-2020 01:30,veganism
,,,,,,,,,,,,,,,,,,,29-08-2020 04:58,veganism
,,,,,,,,,,,,,,,,,,,22-05-2021 08:23,veganism
,,,,,,,,,,,,,,,,,,,21-01-2021 03:35,veganism
,,,,,,,,,,,,,,,,,,,29-07-2020 06:02,veganism
,,,,,,,,,,,,,,,,,,,04-08-2020 05:36,veganism
,,,,,,,,,,,,,,,,,,,14-08-2020 21:21,veganism
,,,,,,,,,,,,,,,,,,,29-04-2021 15:07,veganism
,,,,,,,,,,,,,,,,,,,01-09-2020 03:31,veganism
,,,,,,,,,,,,,,,,,,,04-03-2021 11:01,veganism
,,,,,,,,,,,,,,,,,,,05-08-2020 06:01,veganism
,,,,,,,,,,,,,,,,,,,03-05-2021 08:21,veganism
,,,,,,,,,,,,,,,,,,,04-04-2021 23:52,veganism
,,,,,,,,,,,,,,,,,,,25-03-2021 16:36,veganism
,,,,,,,,,,,,,,,,,,,11-12-2020 01:27,veganism
,,,,,,,,,,,,,,,,,,,20-12-2020 00:50,veganism
,,,,,,,,,,,,,,,,,,,03-02-2021 17:21,veganism
,,,,,,,,,,,,,,,,,,,06-03-2021 13:00,veganism
,,,,,,,,,,,,,,,,,,,11-10-2020 15:48,veganism
,,,,,,,,,,,,,,,,,,,27-12-2020 11:31,veganism
,,,,,,,,,,,,,,,,,,,20-03-2021 00:56,veganism
,,,,,,,,,,,,,,,,,,,12-07-2020 12:14,veganism
,,,,,,,,,,,,,,,,,,,08-12-2020 03:11,veganism
,,,,,,,,,,,,,,,,,,,10-01-2021 02:32,veganism
,,,,,,,,,,,,,,,,,,,09-12-2020 00:03,veganism
,,,,,,,,,,,,,,,,,,,02-11-2020 02:34,veganism
,,,,,,,,,,,,,,,,,,,17-03-2021 20:04,veganism
,,,,,,,,,,,,,,,,,,,20-03-2021 03:55,veganism
,,,,,,,,,,,,,,,,,,,29-06-2020 11:04,veganism
,,,,,,,,,,,,,,,,,,,14-05-2021 23:56,veganism
,,,,,,,,,,,,,,,,,,,04-08-2020 06:54,veganism
,,,,,,,,,,,,,,,,,,,31-08-2020 12:06,veganism
,,,,,,,,,,,,,,,,,,,18-08-2020 19:25,veganism
,,,,,,,,,,,,,,,,,,,06-09-2020 03:05,veganism
,,,,,,,,,,,,,,,,,,,27-06-2020 09:45,veganism
,,,,,,,,,,,,,,,,,,,21-07-2020 15:34,veganism
,,,,,,,,,,,,,,,,,,,19-01-2021 14:13,veganism
,,,,,,,,,,,,,,,,,,,23-09-2020 22:55,veganism
,,,,,,,,,,,,,,,,,,,30-01-2021 21:29,veganism
,,,,,,,,,,,,,,,,,,,03-10-2020 18:48,veganism
,,,,,,,,,,,,,,,,,,,06-08-2020 07:41,veganism
,,,,,,,,,,,,,,,,,,,18-08-2020 22:10,veganism
,,,,,,,,,,,,,,,,,,,15-07-2020 14:23,veganism
,,,,,,,,,,,,,,,,,,,14-08-2020 22:24,veganism
,,,,,,,,,,,,,,,,,,,05-07-2020 09:28,veganism
,,,,,,,,,,,,,,,,,,,17-04-2021 00:15,veganism
,,,,,,,,,,,,,,,,,,,12-02-2021 13:31,veganism
,,,,,,,,,,,,,,,,,,,02-04-2021 06:15,veganism
,,,,,,,,,,,,,,,,,,,18-11-2020 04:27,veganism
,,,,,,,,,,,,,,,,,,,17-12-2020 19:34,veganism
,,,,,,,,,,,,,,,,,,,05-08-2020 02:19,veganism
,,,,,,,,,,,,,,,,,,,27-02-2021 14:58,veganism
,,,,,,,,,,,,,,,,,,,18-05-2021 15:42,veganism
,,,,,,,,,,,,,,,,,,,23-11-2020 02:37,veganism
,,,,,,,,,,,,,,,,,,,28-09-2020 20:51,veganism
,,,,,,,,,,,,,,,,,,,31-05-2021 07:59,veganism
,,,,,,,,,,,,,,,,,,,11-02-2021 03:55,veganism
,,,,,,,,,,,,,,,,,,,28-01-2021 05:33,veganism
,,,,,,,,,,,,,,,,,,,11-01-2021 19:03,veganism
,,,,,,,,,,,,,,,,,,,24-12-2020 14:14,veganism
,,,,,,,,,,,,,,,,,,,20-01-2021 01:30,veganism
,,,,,,,,,,,,,,,,,,,19-10-2020 10:48,veganism
,,,,,,,,,,,,,,,,,,,06-11-2020 18:43,veganism
,,,,,,,,,,,,,,,,,,,04-07-2020 18:05,veganism
,,,,,,,,,,,,,,,,,,,13-08-2020 21:57,veganism
,,,,,,,,,,,,,,,,,,,29-04-2021 08:45,veganism
,,,,,,,,,,,,,,,,,,,04-07-2020 22:35,veganism
,,,,,,,,,,,,,,,,,,,20-08-2020 06:45,veganism
,,,,,,,,,,,,,,,,,,,20-02-2021 20:54,veganism
,,,,,,,,,,,,,,,,,,,14-10-2020 22:48,veganism
,,,,,,,,,,,,,,,,,,,28-06-2020 22:08,veganism
,,,,,,,,,,,,,,,,,,,04-06-2021 06:06,veganism
,,,,,,,,,,,,,,,,,,,27-04-2021 08:08,veganism
,,,,,,,,,,,,,,,,,,,23-04-2021 23:47,veganism
,,,,,,,,,,,,,,,,,,,16-06-2021 00:32,veganism
,,,,,,,,,,,,,,,,,,,27-08-2020 20:30,veganism
,,,,,,,,,,,,,,,,,,,10-09-2020 05:45,veganism
,,,,,,,,,,,,,,,,,,,08-01-2021 05:33,veganism
,,,,,,,,,,,,,,,,,,,18-02-2021 19:18,veganism
,,,,,,,,,,,,,,,,,,,25-11-2020 09:11,veganism
,,,,,,,,,,,,,,,,,,,23-08-2020 06:42,veganism
,,,,,,,,,,,,,,,,,,,26-09-2020 07:58,veganism
,,,,,,,,,,,,,,,,,,,07-09-2020 01:03,veganism
,,,,,,,,,,,,,,,,,,,09-01-2021 07:36,veganism
,,,,,,,,,,,,,,,,,,,16-01-2021 18:09,veganism
,,,,,,,,,,,,,,,,,,,01-11-2020 01:09,veganism
,,,,,,,,,,,,,,,,,,,19-03-2021 05:44,veganism
,,,,,,,,,,,,,,,,,,,12-10-2020 01:31,veganism
,,,,,,,,,,,,,,,,,,,31-01-2021 11:20,veganism
,,,,,,,,,,,,,,,,,,,10-09-2020 06:47,veganism
,,,,,,,,,,,,,,,,,,,18-02-2021 06:46,veganism
,,,,,,,,,,,,,,,,,,,14-05-2021 12:54,veganism
,,,,,,,,,,,,,,,,,,,12-05-2021 03:07,veganism
,,,,,,,,,,,,,,,,,,,29-07-2020 04:53,veganism
,,,,,,,,,,,,,,,,,,,26-06-2020 17:44,veganism
,,,,,,,,,,,,,,,,,,,02-09-2020 14:24,veganism
,,,,,,,,,,,,,,,,,,,06-07-2020 04:29,veganism
,,,,,,,,,,,,,,,,,,,01-02-2021 23:58,veganism
,,,,,,,,,,,,,,,,,,,07-05-2021 20:19,veganism
,,,,,,,,,,,,,,,,,,,12-07-2020 05:48,veganism
,,,,,,,,,,,,,,,,,,,20-11-2020 03:58,veganism
,,,,,,,,,,,,,,,,,,,26-11-2020 15:38,veganism
,,,,,,,,,,,,,,,,,,,14-08-2020 04:54,veganism
,,,,,,,,,,,,,,,,,,,24-03-2021 15:17,veganism
,,,,,,,,,,,,,,,,,,,27-06-2020 10:49,veganism
,,,,,,,,,,,,,,,,,,,15-03-2021 09:39,veganism
,,,,,,,,,,,,,,,,,,,29-01-2021 10:48,veganism
,,,,,,,,,,,,,,,,,,,05-12-2020 03:33,veganism
,,,,,,,,,,,,,,,,,,,27-05-2021 05:46,veganism
,,,,,,,,,,,,,,,,,,,30-12-2020 13:40,veganism
,,,,,,,,,,,,,,,,,,,11-02-2021 08:06,veganism
,,,,,,,,,,,,,,,,,,,24-06-2020 10:32,veganism
,,,,,,,,,,,,,,,,,,,12-09-2020 11:17,veganism
,,,,,,,,,,,,,,,,,,,14-02-2021 16:13,veganism
,,,,,,,,,,,,,,,,,,,20-03-2021 01:46,veganism
,,,,,,,,,,,,,,,,,,,17-09-2020 01:06,veganism
,,,,,,,,,,,,,,,,,,,16-06-2021 01:41,veganism
,,,,,,,,,,,,,,,,,,,20-09-2020 18:42,veganism
,,,,,,,,,,,,,,,,,,,21-12-2020 10:58,veganism
,,,,,,,,,,,,,,,,,,,01-01-2021 05:44,veganism
,,,,,,,,,,,,,,,,,,,13-08-2020 05:53,veganism
,,,,,,,,,,,,,,,,,,,13-06-2021 05:15,veganism
,,,,,,,,,,,,,,,,,,,05-04-2021 04:34,veganism
,,,,,,,,,,,,,,,,,,,02-02-2021 07:12,veganism
,,,,,,,,,,,,,,,,,,,26-08-2020 07:26,veganism
,,,,,,,,,,,,,,,,,,,17-10-2020 17:30,veganism
,,,,,,,,,,,,,,,,,,,06-07-2020 23:33,veganism
,,,,,,,,,,,,,,,,,,,07-04-2021 21:10,veganism
,,,,,,,,,,,,,,,,,,,30-01-2021 04:27,veganism
,,,,,,,,,,,,,,,,,,,27-06-2020 11:02,veganism
,,,,,,,,,,,,,,,,,,,06-07-2020 14:47,veganism
,,,,,,,,,,,,,,,,,,,18-08-2020 19:02,veganism
,,,,,,,,,,,,,,,,,,,07-06-2021 16:04,veganism
,,,,,,,,,,,,,,,,,,,02-04-2021 05:00,veganism
,,,,,,,,,,,,,,,,,,,25-08-2020 22:40,veganism
,,,,,,,,,,,,,,,,,,,04-07-2020 17:15,veganism
,,,,,,,,,,,,,,,,,,,26-02-2021 11:04,veganism
,,,,,,,,,,,,,,,,,,,12-08-2020 08:25,veganism
,,,,,,,,,,,,,,,,,,,09-04-2021 05:29,veganism
,,,,,,,,,,,,,,,,,,,06-07-2020 23:53,veganism
,,,,,,,,,,,,,,,,,,,02-10-2020 02:01,veganism
,,,,,,,,,,,,,,,,,,,17-09-2020 15:28,veganism
,,,,,,,,,,,,,,,,,,,30-04-2021 20:58,veganism
,,,,,,,,,,,,,,,,,,,15-04-2021 09:42,veganism
,,,,,,,,,,,,,,,,,,,04-07-2020 11:57,veganism
,,,,,,,,,,,,,,,,,,,22-05-2021 21:48,veganism
,,,,,,,,,,,,,,,,,,,09-10-2020 23:19,veganism
,,,,,,,,,,,,,,,,,,,20-07-2020 14:31,veganism
,,,,,,,,,,,,,,,,,,,29-03-2021 14:17,veganism
,,,,,,,,,,,,,,,,,,,02-12-2020 19:26,veganism
,,,,,,,,,,,,,,,,,,,30-06-2020 09:11,veganism
,,,,,,,,,,,,,,,,,,,23-08-2020 16:15,veganism
,,,,,,,,,,,,,,,,,,,14-05-2021 19:22,veganism
,,,,,,,,,,,,,,,,,,,28-05-2021 23:57,veganism
,,,,,,,,,,,,,,,,,,,08-11-2020 06:11,veganism
,,,,,,,,,,,,,,,,,,,16-12-2020 10:58,veganism
,,,,,,,,,,,,,,,,,,,01-05-2021 06:04,veganism
,,,,,,,,,,,,,,,,,,,16-02-2021 03:01,veganism
,,,,,,,,,,,,,,,,,,,13-07-2020 19:50,veganism
,,,,,,,,,,,,,,,,,,,24-03-2021 13:06,veganism
,,,,,,,,,,,,,,,,,,,23-12-2020 09:16,veganism
,,,,,,,,,,,,,,,,,,,22-02-2021 11:42,veganism
,,,,,,,,,,,,,,,,,,,19-03-2021 00:50,veganism
,,,,,,,,,,,,,,,,,,,26-08-2020 16:30,veganism
,,,,,,,,,,,,,,,,,,,20-10-2020 13:40,veganism
,,,,,,,,,,,,,,,,,,,05-08-2020 06:08,veganism
,,,,,,,,,,,,,,,,,,,29-03-2021 04:34,veganism
,,,,,,,,,,,,,,,,,,,27-01-2021 12:36,veganism
,,,,,,,,,,,,,,,,,,,16-05-2021 15:09,veganism
,,,,,,,,,,,,,,,,,,,07-11-2020 15:04,veganism
,,,,,,,,,,,,,,,,,,,25-01-2021 01:51,veganism
,,,,,,,,,,,,,,,,,,,16-04-2021 05:54,veganism
,,,,,,,,,,,,,,,,,,,22-06-2020 07:33,veganism
,,,,,,,,,,,,,,,,,,,25-05-2021 10:08,veganism
,,,,,,,,,,,,,,,,,,,17-10-2020 06:50,veganism
,,,,,,,,,,,,,,,,,,,26-05-2021 20:53,veganism
,,,,,,,,,,,,,,,,,,,02-04-2021 01:47,veganism
,,,,,,,,,,,,,,,,,,,03-07-2020 07:51,veganism
,,,,,,,,,,,,,,,,,,,21-02-2021 06:56,veganism
,,,,,,,,,,,,,,,,,,,09-01-2021 07:31,veganism
,,,,,,,,,,,,,,,,,,,10-04-2021 08:37,veganism
,,,,,,,,,,,,,,,,,,,23-02-2021 16:29,veganism
,,,,,,,,,,,,,,,,,,,15-02-2021 00:28,veganism
,,,,,,,,,,,,,,,,,,,02-04-2021 19:34,veganism
,,,,,,,,,,,,,,,,,,,15-04-2021 21:42,veganism
,,,,,,,,,,,,,,,,,,,10-10-2020 08:05,veganism
,,,,,,,,,,,,,,,,,,,10-08-2020 02:31,veganism
,,,,,,,,,,,,,,,,,,,05-01-2021 07:04,veganism
,,,,,,,,,,,,,,,,,,,01-06-2021 09:11,veganism
,,,,,,,,,,,,,,,,,,,05-04-2021 01:32,veganism
,,,,,,,,,,,,,,,,,,,31-01-2021 21:08,veganism
,,,,,,,,,,,,,,,,,,,19-11-2020 02:26,veganism
,,,,,,,,,,,,,,,,,,,28-07-2020 13:33,veganism
,,,,,,,,,,,,,,,,,,,12-11-2020 04:28,veganism
,,,,,,,,,,,,,,,,,,,25-12-2020 07:20,veganism
,,,,,,,,,,,,,,,,,,,06-12-2020 12:01,veganism
,,,,,,,,,,,,,,,,,,,19-02-2021 07:39,veganism
,,,,,,,,,,,,,,,,,,,22-01-2021 23:38,veganism
,,,,,,,,,,,,,,,,,,,30-06-2020 18:29,veganism
,,,,,,,,,,,,,,,,,,,20-08-2020 08:36,veganism
,,,,,,,,,,,,,,,,,,,17-01-2021 03:21,veganism
,,,,,,,,,,,,,,,,,,,20-10-2020 01:09,veganism
,,,,,,,,,,,,,,,,,,,17-05-2021 05:18,veganism
,,,,,,,,,,,,,,,,,,,12-04-2021 04:25,veganism
,,,,,,,,,,,,,,,,,,,30-04-2021 06:08,veganism
,,,,,,,,,,,,,,,,,,,26-05-2021 12:35,veganism
,,,,,,,,,,,,,,,,,,,17-07-2020 18:37,veganism
,,,,,,,,,,,,,,,,,,,12-08-2020 12:47,veganism
,,,,,,,,,,,,,,,,,,,08-09-2020 19:23,veganism
,,,,,,,,,,,,,,,,,,,18-01-2021 04:25,veganism
,,,,,,,,,,,,,,,,,,,30-09-2020 08:40,veganism
,,,,,,,,,,,,,,,,,,,08-04-2021 01:20,veganism
,,,,,,,,,,,,,,,,,,,07-07-2020 09:28,veganism
,,,,,,,,,,,,,,,,,,,17-10-2020 22:08,veganism
,,,,,,,,,,,,,,,,,,,25-09-2020 13:54,veganism
,,,,,,,,,,,,,,,,,,,27-01-2021 06:54,veganism
,,,,,,,,,,,,,,,,,,,09-01-2021 17:06,veganism
,,,,,,,,,,,,,,,,,,,04-03-2021 17:51,veganism
,,,,,,,,,,,,,,,,,,,26-09-2020 23:26,veganism
,,,,,,,,,,,,,,,,,,,26-01-2021 01:53,veganism
,,,,,,,,,,,,,,,,,,,15-11-2020 09:35,veganism
,,,,,,,,,,,,,,,,,,,01-08-2020 04:51,veganism
,,,,,,,,,,,,,,,,,,,23-01-2021 19:20,veganism
,,,,,,,,,,,,,,,,,,,01-05-2021 01:28,veganism
,,,,,,,,,,,,,,,,,,,12-02-2021 05:19,veganism
,,,,,,,,,,,,,,,,,,,05-01-2021 08:33,veganism
,,,,,,,,,,,,,,,,,,,11-10-2020 09:18,veganism
,,,,,,,,,,,,,,,,,,,05-08-2020 23:14,veganism
,,,,,,,,,,,,,,,,,,,20-12-2020 15:01,veganism
,,,,,,,,,,,,,,,,,,,16-12-2020 14:42,veganism
,,,,,,,,,,,,,,,,,,,05-08-2020 02:12,veganism
,,,,,,,,,,,,,,,,,,,16-04-2021 20:22,veganism
,,,,,,,,,,,,,,,,,,,06-03-2021 15:17,veganism
,,,,,,,,,,,,,,,,,,,10-12-2020 06:52,veganism
,,,,,,,,,,,,,,,,,,,22-03-2021 04:41,veganism
,,,,,,,,,,,,,,,,,,,16-11-2020 23:44,veganism
,,,,,,,,,,,,,,,,,,,27-05-2021 01:15,veganism
,,,,,,,,,,,,,,,,,,,07-07-2020 04:30,veganism
,,,,,,,,,,,,,,,,,,,06-10-2020 01:29,veganism
,,,,,,,,,,,,,,,,,,,13-12-2020 10:01,veganism
,,,,,,,,,,,,,,,,,,,23-09-2020 19:36,veganism
,,,,,,,,,,,,,,,,,,,21-02-2021 00:44,veganism
,,,,,,,,,,,,,,,,,,,24-04-2021 05:46,veganism
,,,,,,,,,,,,,,,,,,,11-08-2020 17:14,veganism
,,,,,,,,,,,,,,,,,,,13-06-2021 16:35,veganism
,,,,,,,,,,,,,,,,,,,03-09-2020 02:40,veganism
,,,,,,,,,,,,,,,,,,,13-04-2021 04:24,veganism
,,,,,,,,,,,,,,,,,,,13-06-2021 04:01,veganism
,,,,,,,,,,,,,,,,,,,22-08-2020 20:43,veganism
,,,,,,,,,,,,,,,,,,,04-08-2020 19:53,veganism
,,,,,,,,,,,,,,,,,,,22-09-2020 07:17,veganism
,,,,,,,,,,,,,,,,,,,08-06-2021 11:47,veganism
,,,,,,,,,,,,,,,,,,,19-01-2021 13:38,veganism
,,,,,,,,,,,,,,,,,,,14-06-2021 14:25,veganism
,,,,,,,,,,,,,,,,,,,19-03-2021 12:51,veganism
,,,,,,,,,,,,,,,,,,,01-11-2020 20:26,veganism
,,,,,,,,,,,,,,,,,,,12-08-2020 10:02,veganism
,,,,,,,,,,,,,,,,,,,02-07-2020 07:40,veganism
,,,,,,,,,,,,,,,,,,,14-04-2021 15:21,veganism
,,,,,,,,,,,,,,,,,,,04-12-2020 23:58,veganism
,,,,,,,,,,,,,,,,,,,02-12-2020 20:40,veganism
,,,,,,,,,,,,,,,,,,,22-11-2020 14:14,veganism
,,,,,,,,,,,,,,,,,,,19-04-2021 18:43,veganism
,,,,,,,,,,,,,,,,,,,07-02-2021 08:29,veganism
,,,,,,,,,,,,,,,,,,,20-09-2020 20:28,veganism
,,,,,,,,,,,,,,,,,,,09-03-2021 05:00,veganism
,,,,,,,,,,,,,,,,,,,11-09-2020 14:21,veganism
,,,,,,,,,,,,,,,,,,,23-01-2021 08:17,veganism
,,,,,,,,,,,,,,,,,,,17-11-2020 09:11,veganism
,,,,,,,,,,,,,,,,,,,06-12-2020 10:04,veganism
,,,,,,,,,,,,,,,,,,,31-08-2020 06:58,veganism
,,,,,,,,,,,,,,,,,,,15-01-2021 07:22,veganism
,,,,,,,,,,,,,,,,,,,23-03-2021 07:18,veganism
,,,,,,,,,,,,,,,,,,,03-11-2020 00:57,veganism
,,,,,,,,,,,,,,,,,,,17-07-2020 16:53,veganism
,,,,,,,,,,,,,,,,,,,18-03-2021 23:19,veganism
,,,,,,,,,,,,,,,,,,,10-03-2021 21:55,veganism
,,,,,,,,,,,,,,,,,,,10-02-2021 04:40,veganism
,,,,,,,,,,,,,,,,,,,20-09-2020 01:46,veganism
,,,,,,,,,,,,,,,,,,,23-05-2021 09:19,veganism
,,,,,,,,,,,,,,,,,,,12-11-2020 17:07,veganism
,,,,,,,,,,,,,,,,,,,05-12-2020 02:21,veganism
,,,,,,,,,,,,,,,,,,,27-03-2021 07:56,veganism
,,,,,,,,,,,,,,,,,,,12-09-2020 01:04,veganism
,,,,,,,,,,,,,,,,,,,07-04-2021 04:26,veganism
,,,,,,,,,,,,,,,,,,,21-12-2020 04:55,veganism
,,,,,,,,,,,,,,,,,,,17-10-2020 19:52,veganism
,,,,,,,,,,,,,,,,,,,11-11-2020 08:38,veganism
,,,,,,,,,,,,,,,,,,,15-10-2020 02:01,veganism
,,,,,,,,,,,,,,,,,,,28-12-2020 13:46,veganism
,,,,,,,,,,,,,,,,,,,18-07-2020 04:05,veganism
,,,,,,,,,,,,,,,,,,,01-04-2021 18:03,veganism
,,,,,,,,,,,,,,,,,,,05-07-2020 20:54,veganism
,,,,,,,,,,,,,,,,,,,02-04-2021 15:50,veganism
,,,,,,,,,,,,,,,,,,,10-11-2020 22:12,veganism
,,,,,,,,,,,,,,,,,,,01-04-2021 16:02,veganism
,,,,,,,,,,,,,,,,,,,16-07-2020 03:06,veganism
,,,,,,,,,,,,,,,,,,,11-08-2020 00:29,veganism
,,,,,,,,,,,,,,,,,,,23-06-2020 03:05,veganism
,,,,,,,,,,,,,,,,,,,22-05-2021 10:56,veganism
,,,,,,,,,,,,,,,,,,,20-07-2020 21:36,veganism
,,,,,,,,,,,,,,,,,,,07-08-2020 18:28,veganism
,,,,,,,,,,,,,,,,,,,27-07-2020 16:07,veganism
,,,,,,,,,,,,,,,,,,,13-04-2021 20:47,veganism
,,,,,,,,,,,,,,,,,,,28-02-2021 12:51,veganism
,,,,,,,,,,,,,,,,,,,19-08-2020 23:25,veganism
,,,,,,,,,,,,,,,,,,,12-08-2020 09:41,veganism
,,,,,,,,,,,,,,,,,,,10-07-2020 19:05,veganism
,,,,,,,,,,,,,,,,,,,18-07-2020 07:05,veganism
,,,,,,,,,,,,,,,,,,,01-04-2021 05:08,veganism
,,,,,,,,,,,,,,,,,,,06-12-2020 13:38,veganism
,,,,,,,,,,,,,,,,,,,10-04-2021 00:54,veganism
,,,,,,,,,,,,,,,,,,,12-11-2020 09:50,veganism
,,,,,,,,,,,,,,,,,,,02-02-2021 11:02,veganism
,,,,,,,,,,,,,,,,,,,26-08-2020 20:29,veganism
,,,,,,,,,,,,,,,,,,,15-04-2021 11:12,veganism
,,,,,,,,,,,,,,,,,,,06-01-2021 00:37,veganism
,,,,,,,,,,,,,,,,,,,03-02-2021 17:01,veganism
,,,,,,,,,,,,,,,,,,,19-10-2020 10:46,veganism
,,,,,,,,,,,,,,,,,,,31-05-2021 10:54,veganism
,,,,,,,,,,,,,,,,,,,03-03-2021 20:36,veganism
,,,,,,,,,,,,,,,,,,,02-03-2021 10:33,veganism
,,,,,,,,,,,,,,,,,,,27-10-2020 00:42,veganism
,,,,,,,,,,,,,,,,,,,28-04-2021 13:01,veganism
,,,,,,,,,,,,,,,,,,,20-07-2020 02:37,veganism
,,,,,,,,,,,,,,,,,,,24-02-2021 16:54,veganism
,,,,,,,,,,,,,,,,,,,11-09-2020 20:32,veganism
,,,,,,,,,,,,,,,,,,,09-04-2021 22:58,veganism
,,,,,,,,,,,,,,,,,,,23-01-2021 09:57,veganism
,,,,,,,,,,,,,,,,,,,26-11-2020 05:05,veganism
,,,,,,,,,,,,,,,,,,,31-07-2020 10:30,veganism
,,,,,,,,,,,,,,,,,,,23-10-2020 05:10,veganism
,,,,,,,,,,,,,,,,,,,09-04-2021 14:36,veganism
,,,,,,,,,,,,,,,,,,,21-11-2020 12:30,veganism
,,,,,,,,,,,,,,,,,,,31-07-2020 07:07,veganism
,,,,,,,,,,,,,,,,,,,11-01-2021 04:44,veganism
,,,,,,,,,,,,,,,,,,,02-09-2020 04:09,veganism
,,,,,,,,,,,,,,,,,,,30-09-2020 05:20,veganism
,,,,,,,,,,,,,,,,,,,21-03-2021 01:10,veganism
,,,,,,,,,,,,,,,,,,,17-07-2020 00:59,veganism
,,,,,,,,,,,,,,,,,,,17-11-2020 04:27,veganism
,,,,,,,,,,,,,,,,,,,30-12-2020 06:13,veganism
,,,,,,,,,,,,,,,,,,,09-09-2020 17:25,veganism
,,,,,,,,,,,,,,,,,,,01-09-2020 12:06,veganism
,,,,,,,,,,,,,,,,,,,21-05-2021 09:43,veganism
,,,,,,,,,,,,,,,,,,,22-09-2020 08:22,veganism
,,,,,,,,,,,,,,,,,,,30-07-2020 21:01,veganism
,,,,,,,,,,,,,,,,,,,05-07-2020 20:40,veganism
,,,,,,,,,,,,,,,,,,,21-09-2020 00:30,veganism
,,,,,,,,,,,,,,,,,,,02-06-2021 15:08,veganism
,,,,,,,,,,,,,,,,,,,18-12-2020 22:04,veganism
,,,,,,,,,,,,,,,,,,,21-04-2021 23:35,veganism
,,,,,,,,,,,,,,,,,,,06-10-2020 19:34,veganism
,,,,,,,,,,,,,,,,,,,25-01-2021 04:58,veganism
,,,,,,,,,,,,,,,,,,,06-02-2021 16:51,veganism
,,,,,,,,,,,,,,,,,,,15-06-2021 15:54,veganism
,,,,,,,,,,,,,,,,,,,05-03-2021 09:07,veganism
,,,,,,,,,,,,,,,,,,,16-04-2021 10:40,veganism
,,,,,,,,,,,,,,,,,,,26-08-2020 09:01,veganism
,,,,,,,,,,,,,,,,,,,29-10-2020 19:37,veganism
,,,,,,,,,,,,,,,,,,,01-01-2021 03:31,veganism
,,,,,,,,,,,,,,,,,,,10-04-2021 18:12,veganism
,,,,,,,,,,,,,,,,,,,02-08-2020 16:03,veganism
,,,,,,,,,,,,,,,,,,,14-11-2020 12:42,veganism
,,,,,,,,,,,,,,,,,,,18-07-2020 21:19,veganism
,,,,,,,,,,,,,,,,,,,15-12-2020 03:22,veganism
,,,,,,,,,,,,,,,,,,,28-12-2020 01:18,veganism
,,,,,,,,,,,,,,,,,,,05-07-2020 17:53,veganism
,,,,,,,,,,,,,,,,,,,23-11-2020 07:54,veganism
,,,,,,,,,,,,,,,,,,,06-09-2020 22:52,veganism
,,,,,,,,,,,,,,,,,,,25-04-2021 07:47,veganism
,,,,,,,,,,,,,,,,,,,12-02-2021 18:14,veganism
,,,,,,,,,,,,,,,,,,,29-04-2021 01:26,veganism
,,,,,,,,,,,,,,,,,,,11-01-2021 22:17,veganism
,,,,,,,,,,,,,,,,,,,22-04-2021 02:11,veganism
,,,,,,,,,,,,,,,,,,,11-12-2020 00:36,veganism
,,,,,,,,,,,,,,,,,,,24-11-2020 06:01,veganism
,,,,,,,,,,,,,,,,,,,30-08-2020 22:12,veganism
,,,,,,,,,,,,,,,,,,,27-02-2021 03:05,veganism
,,,,,,,,,,,,,,,,,,,05-12-2020 11:10,veganism
,,,,,,,,,,,,,,,,,,,26-05-2021 02:33,veganism
,,,,,,,,,,,,,,,,,,,04-12-2020 02:01,veganism
,,,,,,,,,,,,,,,,,,,07-06-2021 18:56,veganism
,,,,,,,,,,,,,,,,,,,16-04-2021 22:15,veganism
,,,,,,,,,,,,,,,,,,,04-01-2021 13:17,veganism
,,,,,,,,,,,,,,,,,,,20-12-2020 10:31,veganism
,,,,,,,,,,,,,,,,,,,22-02-2021 14:35,veganism
,,,,,,,,,,,,,,,,,,,30-11-2020 04:19,veganism
,,,,,,,,,,,,,,,,,,,15-06-2021 02:54,veganism
,,,,,,,,,,,,,,,,,,,22-01-2021 21:28,veganism
,,,,,,,,,,,,,,,,,,,18-02-2021 13:54,veganism
,,,,,,,,,,,,,,,,,,,04-10-2020 09:32,veganism
,,,,,,,,,,,,,,,,,,,12-04-2021 19:56,veganism
,,,,,,,,,,,,,,,,,,,23-08-2020 00:52,veganism
,,,,,,,,,,,,,,,,,,,16-02-2021 00:26,veganism
,,,,,,,,,,,,,,,,,,,14-07-2020 16:34,veganism
,,,,,,,,,,,,,,,,,,,23-06-2020 05:41,veganism
,,,,,,,,,,,,,,,,,,,11-12-2020 02:53,veganism
,,,,,,,,,,,,,,,,,,,04-07-2020 21:38,veganism
,,,,,,,,,,,,,,,,,,,24-01-2021 18:05,veganism
,,,,,,,,,,,,,,,,,,,03-09-2020 01:48,veganism
,,,,,,,,,,,,,,,,,,,06-02-2021 09:38,veganism
,,,,,,,,,,,,,,,,,,,08-07-2020 20:29,veganism
,,,,,,,,,,,,,,,,,,,13-11-2020 07:28,veganism
,,,,,,,,,,,,,,,,,,,13-03-2021 05:29,veganism
,,,,,,,,,,,,,,,,,,,25-07-2020 00:44,veganism
,,,,,,,,,,,,,,,,,,,07-08-2020 00:10,veganism
,,,,,,,,,,,,,,,,,,,06-10-2020 14:48,veganism
,,,,,,,,,,,,,,,,,,,14-10-2020 07:20,veganism
,,,,,,,,,,,,,,,,,,,07-10-2020 23:17,veganism
,,,,,,,,,,,,,,,,,,,03-12-2020 17:08,veganism
,,,,,,,,,,,,,,,,,,,30-12-2020 23:02,veganism
,,,,,,,,,,,,,,,,,,,04-10-2020 02:10,veganism
,,,,,,,,,,,,,,,,,,,07-04-2021 11:26,veganism
,,,,,,,,,,,,,,,,,,,04-06-2021 12:47,veganism
,,,,,,,,,,,,,,,,,,,13-05-2021 02:31,veganism
,,,,,,,,,,,,,,,,,,,13-12-2020 06:03,veganism
,,,,,,,,,,,,,,,,,,,14-04-2021 17:42,veganism
,,,,,,,,,,,,,,,,,,,18-10-2020 03:06,veganism
,,,,,,,,,,,,,,,,,,,29-11-2020 06:33,veganism
,,,,,,,,,,,,,,,,,,,31-08-2020 12:42,veganism
,,,,,,,,,,,,,,,,,,,28-05-2021 12:42,veganism
,,,,,,,,,,,,,,,,,,,06-10-2020 02:37,veganism
,,,,,,,,,,,,,,,,,,,08-02-2021 21:52,veganism
,,,,,,,,,,,,,,,,,,,09-12-2020 11:53,veganism
,,,,,,,,,,,,,,,,,,,08-10-2020 08:43,veganism
,,,,,,,,,,,,,,,,,,,26-01-2021 12:46,veganism
,,,,,,,,,,,,,,,,,,,12-11-2020 09:48,veganism
,,,,,,,,,,,,,,,,,,,23-10-2020 12:31,veganism
,,,,,,,,,,,,,,,,,,,12-03-2021 13:22,veganism
,,,,,,,,,,,,,,,,,,,26-01-2021 23:05,veganism
,,,,,,,,,,,,,,,,,,,15-10-2020 20:11,veganism
,,,,,,,,,,,,,,,,,,,05-11-2020 21:18,veganism
,,,,,,,,,,,,,,,,,,,26-08-2020 23:15,veganism
,,,,,,,,,,,,,,,,,,,22-08-2020 06:17,veganism
,,,,,,,,,,,,,,,,,,,06-01-2021 00:34,veganism
,,,,,,,,,,,,,,,,,,,12-07-2020 09:45,veganism
,,,,,,,,,,,,,,,,,,,21-10-2020 13:41,veganism
,,,,,,,,,,,,,,,,,,,25-12-2020 11:36,veganism
,,,,,,,,,,,,,,,,,,,19-01-2021 16:11,veganism
,,,,,,,,,,,,,,,,,,,02-06-2021 09:01,veganism
,,,,,,,,,,,,,,,,,,,27-08-2020 21:27,veganism
,,,,,,,,,,,,,,,,,,,25-03-2021 06:39,veganism
,,,,,,,,,,,,,,,,,,,24-08-2020 17:15,veganism
,,,,,,,,,,,,,,,,,,,11-11-2020 02:16,veganism
,,,,,,,,,,,,,,,,,,,05-10-2020 10:59,veganism
,,,,,,,,,,,,,,,,,,,29-12-2020 17:14,veganism
,,,,,,,,,,,,,,,,,,,24-04-2021 08:15,veganism
,,,,,,,,,,,,,,,,,,,07-11-2020 01:49,veganism
,,,,,,,,,,,,,,,,,,,05-10-2020 23:28,veganism
,,,,,,,,,,,,,,,,,,,08-06-2021 14:52,veganism
,,,,,,,,,,,,,,,,,,,22-07-2020 21:22,veganism
,,,,,,,,,,,,,,,,,,,10-04-2021 07:13,veganism
,,,,,,,,,,,,,,,,,,,10-01-2021 05:11,veganism
,,,,,,,,,,,,,,,,,,,14-05-2021 13:37,veganism
,,,,,,,,,,,,,,,,,,,28-09-2020 22:54,veganism
,,,,,,,,,,,,,,,,,,,08-10-2020 03:39,veganism
,,,,,,,,,,,,,,,,,,,23-05-2021 00:34,veganism
,,,,,,,,,,,,,,,,,,,01-06-2021 08:21,veganism
,,,,,,,,,,,,,,,,,,,02-11-2020 21:23,veganism
,,,,,,,,,,,,,,,,,,,02-04-2021 21:22,veganism
,,,,,,,,,,,,,,,,,,,19-06-2020 14:59,veganism
,,,,,,,,,,,,,,,,,,,06-03-2021 03:24,veganism
,,,,,,,,,,,,,,,,,,,26-07-2020 02:45,veganism
,,,,,,,,,,,,,,,,,,,14-04-2021 05:10,veganism
,,,,,,,,,,,,,,,,,,,29-10-2020 13:32,veganism
,,,,,,,,,,,,,,,,,,,29-08-2020 01:30,veganism
,,,,,,,,,,,,,,,,,,,09-02-2021 21:34,veganism
,,,,,,,,,,,,,,,,,,,14-12-2020 13:59,veganism
,,,,,,,,,,,,,,,,,,,18-11-2020 06:12,veganism
,,,,,,,,,,,,,,,,,,,16-09-2020 06:20,veganism
,,,,,,,,,,,,,,,,,,,12-05-2021 17:19,veganism
,,,,,,,,,,,,,,,,,,,23-10-2020 15:36,veganism
,,,,,,,,,,,,,,,,,,,10-12-2020 00:19,veganism
,,,,,,,,,,,,,,,,,,,04-02-2021 12:00,veganism
,,,,,,,,,,,,,,,,,,,03-01-2021 08:46,veganism
,,,,,,,,,,,,,,,,,,,26-10-2020 08:42,veganism
,,,,,,,,,,,,,,,,,,,27-02-2021 18:03,veganism
,,,,,,,,,,,,,,,,,,,10-05-2021 22:43,veganism
,,,,,,,,,,,,,,,,,,,09-08-2020 07:32,veganism
,,,,,,,,,,,,,,,,,,,19-11-2020 20:30,veganism
,,,,,,,,,,,,,,,,,,,01-06-2021 23:16,veganism
,,,,,,,,,,,,,,,,,,,27-06-2020 21:18,veganism
,,,,,,,,,,,,,,,,,,,29-03-2021 19:54,veganism
,,,,,,,,,,,,,,,,,,,29-11-2020 07:55,veganism
,,,,,,,,,,,,,,,,,,,29-09-2020 00:31,veganism
,,,,,,,,,,,,,,,,,,,25-06-2020 10:21,veganism
,,,,,,,,,,,,,,,,,,,22-12-2020 17:02,veganism
,,,,,,,,,,,,,,,,,,,07-11-2020 06:10,veganism
,,,,,,,,,,,,,,,,,,,02-07-2020 19:47,veganism
,,,,,,,,,,,,,,,,,,,25-03-2021 18:00,veganism
,,,,,,,,,,,,,,,,,,,09-05-2021 11:11,veganism
,,,,,,,,,,,,,,,,,,,02-05-2021 04:12,veganism
,,,,,,,,,,,,,,,,,,,12-04-2021 13:55,veganism
,,,,,,,,,,,,,,,,,,,29-04-2021 21:41,veganism
,,,,,,,,,,,,,,,,,,,18-01-2021 02:36,veganism
,,,,,,,,,,,,,,,,,,,14-07-2020 09:14,veganism
,,,,,,,,,,,,,,,,,,,11-09-2020 17:25,veganism
,,,,,,,,,,,,,,,,,,,01-12-2020 07:54,veganism
,,,,,,,,,,,,,,,,,,,28-02-2021 13:03,veganism
,,,,,,,,,,,,,,,,,,,27-10-2020 11:51,veganism
,,,,,,,,,,,,,,,,,,,16-06-2021 07:47,veganism
,,,,,,,,,,,,,,,,,,,05-01-2021 09:29,veganism
,,,,,,,,,,,,,,,,,,,24-11-2020 09:53,veganism
,,,,,,,,,,,,,,,,,,,23-11-2020 13:02,veganism
,,,,,,,,,,,,,,,,,,,21-02-2021 01:38,veganism
,,,,,,,,,,,,,,,,,,,29-08-2020 02:39,veganism
,,,,,,,,,,,,,,,,,,,20-09-2020 08:37,veganism
,,,,,,,,,,,,,,,,,,,03-11-2020 14:28,veganism
,,,,,,,,,,,,,,,,,,,26-01-2021 09:30,veganism
,,,,,,,,,,,,,,,,,,,01-12-2020 15:23,veganism
,,,,,,,,,,,,,,,,,,,30-06-2020 05:55,veganism
,,,,,,,,,,,,,,,,,,,21-11-2020 02:30,veganism
,,,,,,,,,,,,,,,,,,,11-10-2020 06:54,veganism
,,,,,,,,,,,,,,,,,,,11-10-2020 21:48,veganism
,,,,,,,,,,,,,,,,,,,31-12-2020 21:23,veganism
,,,,,,,,,,,,,,,,,,,19-04-2021 21:38,veganism
,,,,,,,,,,,,,,,,,,,24-01-2021 22:12,veganism
,,,,,,,,,,,,,,,,,,,03-12-2020 03:58,veganism
,,,,,,,,,,,,,,,,,,,04-09-2020 05:13,veganism
,,,,,,,,,,,,,,,,,,,29-09-2020 21:02,veganism
,,,,,,,,,,,,,,,,,,,23-07-2020 16:01,veganism
,,,,,,,,,,,,,,,,,,,18-10-2020 01:21,veganism
,,,,,,,,,,,,,,,,,,,22-07-2020 19:36,veganism
,,,,,,,,,,,,,,,,,,,12-01-2021 23:45,veganism
,,,,,,,,,,,,,,,,,,,28-08-2020 18:14,veganism
,,,,,,,,,,,,,,,,,,,04-12-2020 03:03,veganism
,,,,,,,,,,,,,,,,,,,12-05-2021 05:35,veganism
,,,,,,,,,,,,,,,,,,,23-03-2021 19:10,veganism
,,,,,,,,,,,,,,,,,,,04-04-2021 13:25,veganism
,,,,,,,,,,,,,,,,,,,20-07-2020 15:35,veganism
,,,,,,,,,,,,,,,,,,,15-07-2020 09:49,veganism
,,,,,,,,,,,,,,,,,,,31-12-2020 01:45,veganism
,,,,,,,,,,,,,,,,,,,04-08-2020 07:01,veganism
,,,,,,,,,,,,,,,,,,,01-07-2020 20:28,veganism
,,,,,,,,,,,,,,,,,,,14-10-2020 02:01,veganism
,,,,,,,,,,,,,,,,,,,25-09-2020 07:25,veganism
,,,,,,,,,,,,,,,,,,,27-08-2020 06:59,veganism
,,,,,,,,,,,,,,,,,,,09-04-2021 05:16,veganism
,,,,,,,,,,,,,,,,,,,28-09-2020 04:54,veganism
,,,,,,,,,,,,,,,,,,,18-02-2021 22:09,veganism
,,,,,,,,,,,,,,,,,,,15-10-2020 18:16,veganism
,,,,,,,,,,,,,,,,,,,07-10-2020 23:39,veganism
,,,,,,,,,,,,,,,,,,,22-02-2021 03:06,veganism
,,,,,,,,,,,,,,,,,,,23-06-2020 23:33,veganism
,,,,,,,,,,,,,,,,,,,13-12-2020 00:33,veganism
,,,,,,,,,,,,,,,,,,,09-06-2021 19:25,veganism
,,,,,,,,,,,,,,,,,,,27-06-2020 19:19,veganism
,,,,,,,,,,,,,,,,,,,05-02-2021 11:16,veganism
,,,,,,,,,,,,,,,,,,,22-03-2021 13:55,veganism
,,,,,,,,,,,,,,,,,,,24-01-2021 16:52,veganism
,,,,,,,,,,,,,,,,,,,12-03-2021 23:11,veganism
,,,,,,,,,,,,,,,,,,,21-03-2021 15:25,veganism
,,,,,,,,,,,,,,,,,,,20-08-2020 14:51,veganism
,,,,,,,,,,,,,,,,,,,03-12-2020 04:41,veganism
,,,,,,,,,,,,,,,,,,,27-03-2021 12:37,veganism
,,,,,,,,,,,,,,,,,,,11-03-2021 13:48,veganism
,,,,,,,,,,,,,,,,,,,26-03-2021 20:05,veganism
,,,,,,,,,,,,,,,,,,,27-06-2020 16:54,veganism
,,,,,,,,,,,,,,,,,,,11-03-2021 00:47,veganism
,,,,,,,,,,,,,,,,,,,13-02-2021 11:49,veganism
,,,,,,,,,,,,,,,,,,,18-03-2021 13:21,veganism
,,,,,,,,,,,,,,,,,,,22-06-2020 21:24,veganism
,,,,,,,,,,,,,,,,,,,20-07-2020 05:45,veganism
,,,,,,,,,,,,,,,,,,,09-02-2021 16:08,veganism
,,,,,,,,,,,,,,,,,,,30-05-2021 21:28,veganism
,,,,,,,,,,,,,,,,,,,24-02-2021 11:03,veganism
,,,,,,,,,,,,,,,,,,,16-12-2020 00:23,veganism
,,,,,,,,,,,,,,,,,,,19-07-2020 17:18,veganism
,,,,,,,,,,,,,,,,,,,10-02-2021 14:16,veganism
,,,,,,,,,,,,,,,,,,,14-03-2021 16:05,veganism
,,,,,,,,,,,,,,,,,,,30-03-2021 14:02,veganism
,,,,,,,,,,,,,,,,,,,02-06-2021 02:18,veganism
,,,,,,,,,,,,,,,,,,,17-06-2021 05:15,veganism
,,,,,,,,,,,,,,,,,,,28-11-2020 20:55,veganism
,,,,,,,,,,,,,,,,,,,24-02-2021 02:38,veganism
,,,,,,,,,,,,,,,,,,,19-11-2020 02:36,veganism
,,,,,,,,,,,,,,,,,,,17-02-2021 17:24,veganism
,,,,,,,,,,,,,,,,,,,22-06-2020 00:55,veganism
,,,,,,,,,,,,,,,,,,,11-06-2021 22:16,veganism
,,,,,,,,,,,,,,,,,,,19-03-2021 19:12,veganism
,,,,,,,,,,,,,,,,,,,01-12-2020 10:22,veganism
,,,,,,,,,,,,,,,,,,,05-08-2020 19:33,veganism
,,,,,,,,,,,,,,,,,,,04-09-2020 15:15,veganism
,,,,,,,,,,,,,,,,,,,18-10-2020 01:56,veganism
,,,,,,,,,,,,,,,,,,,25-05-2021 03:17,veganism
,,,,,,,,,,,,,,,,,,,29-05-2021 08:23,veganism
,,,,,,,,,,,,,,,,,,,09-03-2021 22:02,veganism
,,,,,,,,,,,,,,,,,,,26-06-2020 05:41,veganism
,,,,,,,,,,,,,,,,,,,14-02-2021 13:38,veganism
,,,,,,,,,,,,,,,,,,,24-09-2020 15:55,veganism
,,,,,,,,,,,,,,,,,,,13-08-2020 22:51,veganism
,,,,,,,,,,,,,,,,,,,16-01-2021 10:20,veganism
,,,,,,,,,,,,,,,,,,,09-07-2020 02:48,veganism
,,,,,,,,,,,,,,,,,,,01-04-2021 09:40,veganism
,,,,,,,,,,,,,,,,,,,20-06-2020 19:51,veganism
,,,,,,,,,,,,,,,,,,,09-01-2021 13:43,veganism
,,,,,,,,,,,,,,,,,,,29-03-2021 23:38,veganism
,,,,,,,,,,,,,,,,,,,28-01-2021 11:07,veganism
,,,,,,,,,,,,,,,,,,,14-11-2020 10:50,veganism
,,,,,,,,,,,,,,,,,,,30-11-2020 08:28,veganism
,,,,,,,,,,,,,,,,,,,12-09-2020 14:35,veganism
,,,,,,,,,,,,,,,,,,,20-02-2021 21:37,veganism
,,,,,,,,,,,,,,,,,,,01-09-2020 20:40,veganism
,,,,,,,,,,,,,,,,,,,25-10-2020 08:20,veganism
,,,,,,,,,,,,,,,,,,,28-07-2020 03:23,veganism
,,,,,,,,,,,,,,,,,,,24-08-2020 03:50,veganism
,,,,,,,,,,,,,,,,,,,09-03-2021 09:23,veganism
,,,,,,,,,,,,,,,,,,,18-06-2021 05:06,veganism
,,,,,,,,,,,,,,,,,,,31-05-2021 14:51,veganism
,,,,,,,,,,,,,,,,,,,14-08-2020 09:38,veganism
,,,,,,,,,,,,,,,,,,,22-06-2020 17:37,veganism
,,,,,,,,,,,,,,,,,,,24-03-2021 15:24,veganism
,,,,,,,,,,,,,,,,,,,25-04-2021 21:14,veganism
,,,,,,,,,,,,,,,,,,,29-12-2020 23:14,veganism
,,,,,,,,,,,,,,,,,,,24-09-2020 11:18,veganism
,,,,,,,,,,,,,,,,,,,21-09-2020 17:22,veganism
,,,,,,,,,,,,,,,,,,,24-05-2021 12:55,veganism
,,,,,,,,,,,,,,,,,,,15-07-2020 12:09,veganism
,,,,,,,,,,,,,,,,,,,25-11-2020 18:53,veganism
,,,,,,,,,,,,,,,,,,,20-09-2020 08:32,veganism
,,,,,,,,,,,,,,,,,,,16-06-2021 04:59,veganism
,,,,,,,,,,,,,,,,,,,10-09-2020 09:48,veganism
,,,,,,,,,,,,,,,,,,,23-01-2021 03:22,veganism
,,,,,,,,,,,,,,,,,,,30-04-2021 15:58,veganism
,,,,,,,,,,,,,,,,,,,13-02-2021 13:37,veganism
,,,,,,,,,,,,,,,,,,,28-07-2020 06:14,veganism
,,,,,,,,,,,,,,,,,,,04-09-2020 20:46,veganism
,,,,,,,,,,,,,,,,,,,28-08-2020 11:39,veganism
,,,,,,,,,,,,,,,,,,,01-11-2020 23:30,veganism
,,,,,,,,,,,,,,,,,,,08-01-2021 05:12,veganism
,,,,,,,,,,,,,,,,,,,21-12-2020 18:13,veganism
,,,,,,,,,,,,,,,,,,,17-10-2020 20:33,veganism
,,,,,,,,,,,,,,,,,,,09-09-2020 13:42,veganism
,,,,,,,,,,,,,,,,,,,12-10-2020 15:48,veganism
,,,,,,,,,,,,,,,,,,,06-12-2020 17:27,veganism
,,,,,,,,,,,,,,,,,,,02-07-2020 08:49,veganism
,,,,,,,,,,,,,,,,,,,02-03-2021 05:03,veganism
,,,,,,,,,,,,,,,,,,,12-05-2021 15:36,veganism
,,,,,,,,,,,,,,,,,,,26-11-2020 11:39,veganism
,,,,,,,,,,,,,,,,,,,27-09-2020 23:41,veganism
,,,,,,,,,,,,,,,,,,,18-07-2020 19:45,veganism
,,,,,,,,,,,,,,,,,,,08-06-2021 06:11,veganism
,,,,,,,,,,,,,,,,,,,29-01-2021 16:46,veganism
,,,,,,,,,,,,,,,,,,,18-08-2020 02:53,veganism
,,,,,,,,,,,,,,,,,,,02-04-2021 03:51,veganism
,,,,,,,,,,,,,,,,,,,25-03-2021 10:22,veganism
,,,,,,,,,,,,,,,,,,,20-08-2020 01:31,veganism
,,,,,,,,,,,,,,,,,,,01-03-2021 09:08,veganism
,,,,,,,,,,,,,,,,,,,09-09-2020 11:50,veganism
,,,,,,,,,,,,,,,,,,,13-05-2021 10:52,veganism
,,,,,,,,,,,,,,,,,,,24-09-2020 08:56,veganism
,,,,,,,,,,,,,,,,,,,31-08-2020 19:35,veganism
,,,,,,,,,,,,,,,,,,,16-01-2021 17:01,veganism
,,,,,,,,,,,,,,,,,,,14-02-2021 06:34,veganism
,,,,,,,,,,,,,,,,,,,11-11-2020 17:07,veganism
,,,,,,,,,,,,,,,,,,,31-05-2021 02:55,veganism
,,,,,,,,,,,,,,,,,,,04-03-2021 00:09,veganism
,,,,,,,,,,,,,,,,,,,28-03-2021 06:05,veganism
,,,,,,,,,,,,,,,,,,,11-04-2021 21:23,veganism
,,,,,,,,,,,,,,,,,,,07-12-2020 19:24,veganism
,,,,,,,,,,,,,,,,,,,25-02-2021 07:55,veganism
,,,,,,,,,,,,,,,,,,,18-04-2021 02:56,veganism
,,,,,,,,,,,,,,,,,,,17-08-2020 01:01,veganism
,,,,,,,,,,,,,,,,,,,03-01-2021 11:57,veganism
,,,,,,,,,,,,,,,,,,,11-03-2021 15:18,veganism
,,,,,,,,,,,,,,,,,,,12-04-2021 17:28,veganism
,,,,,,,,,,,,,,,,,,,01-06-2021 00:03,veganism
,,,,,,,,,,,,,,,,,,,06-05-2021 18:58,veganism
,,,,,,,,,,,,,,,,,,,29-09-2020 05:31,veganism
,,,,,,,,,,,,,,,,,,,23-05-2021 07:40,veganism
,,,,,,,,,,,,,,,,,,,19-05-2021 21:22,veganism
,,,,,,,,,,,,,,,,,,,08-08-2020 17:44,veganism
,,,,,,,,,,,,,,,,,,,02-12-2020 22:11,veganism
,,,,,,,,,,,,,,,,,,,13-06-2021 17:57,veganism
,,,,,,,,,,,,,,,,,,,23-09-2020 07:09,veganism
,,,,,,,,,,,,,,,,,,,09-05-2021 21:05,veganism
,,,,,,,,,,,,,,,,,,,10-11-2020 01:22,veganism
,,,,,,,,,,,,,,,,,,,02-06-2021 22:34,veganism
,,,,,,,,,,,,,,,,,,,14-07-2020 23:28,veganism
,,,,,,,,,,,,,,,,,,,10-03-2021 11:17,veganism
,,,,,,,,,,,,,,,,,,,25-03-2021 12:36,veganism
,,,,,,,,,,,,,,,,,,,13-07-2020 16:34,veganism
,,,,,,,,,,,,,,,,,,,24-03-2021 02:42,veganism
,,,,,,,,,,,,,,,,,,,20-04-2021 04:43,veganism
,,,,,,,,,,,,,,,,,,,23-04-2021 18:55,veganism
,,,,,,,,,,,,,,,,,,,22-04-2021 16:30,veganism
,,,,,,,,,,,,,,,,,,,04-10-2020 06:47,veganism
,,,,,,,,,,,,,,,,,,,30-01-2021 20:13,veganism
,,,,,,,,,,,,,,,,,,,31-08-2020 16:22,veganism
,,,,,,,,,,,,,,,,,,,05-07-2020 05:00,veganism
,,,,,,,,,,,,,,,,,,,19-02-2021 10:30,veganism
,,,,,,,,,,,,,,,,,,,07-11-2020 04:49,veganism
,,,,,,,,,,,,,,,,,,,25-12-2020 08:19,veganism
,,,,,,,,,,,,,,,,,,,30-07-2020 21:52,veganism
,,,,,,,,,,,,,,,,,,,09-12-2020 21:18,veganism
,,,,,,,,,,,,,,,,,,,24-07-2020 07:54,veganism
,,,,,,,,,,,,,,,,,,,22-12-2020 23:40,veganism
,,,,,,,,,,,,,,,,,,,10-04-2021 13:59,veganism
,,,,,,,,,,,,,,,,,,,01-05-2021 00:14,veganism
,,,,,,,,,,,,,,,,,,,30-12-2020 16:04,veganism
,,,,,,,,,,,,,,,,,,,23-09-2020 08:40,veganism
,,,,,,,,,,,,,,,,,,,09-06-2021 03:14,veganism
,,,,,,,,,,,,,,,,,,,05-01-2021 09:10,veganism
,,,,,,,,,,,,,,,,,,,03-11-2020 16:27,veganism
,,,,,,,,,,,,,,,,,,,14-07-2020 09:00,veganism
,,,,,,,,,,,,,,,,,,,09-09-2020 02:36,veganism
,,,,,,,,,,,,,,,,,,,29-09-2020 10:34,veganism
,,,,,,,,,,,,,,,,,,,08-12-2020 03:24,veganism
,,,,,,,,,,,,,,,,,,,07-08-2020 08:14,veganism
,,,,,,,,,,,,,,,,,,,04-07-2020 15:33,veganism
,,,,,,,,,,,,,,,,,,,06-06-2021 07:27,veganism
,,,,,,,,,,,,,,,,,,,10-05-2021 01:14,veganism
,,,,,,,,,,,,,,,,,,,12-08-2020 18:14,veganism
,,,,,,,,,,,,,,,,,,,17-04-2021 02:28,veganism
,,,,,,,,,,,,,,,,,,,28-06-2020 05:15,veganism
,,,,,,,,,,,,,,,,,,,16-09-2020 11:39,veganism
,,,,,,,,,,,,,,,,,,,22-06-2020 15:12,veganism
,,,,,,,,,,,,,,,,,,,05-05-2021 18:47,veganism
,,,,,,,,,,,,,,,,,,,06-11-2020 08:26,veganism
,,,,,,,,,,,,,,,,,,,23-02-2021 23:46,veganism
,,,,,,,,,,,,,,,,,,,31-10-2020 04:41,veganism
,,,,,,,,,,,,,,,,,,,09-04-2021 14:52,veganism
,,,,,,,,,,,,,,,,,,,19-03-2021 13:33,veganism
,,,,,,,,,,,,,,,,,,,03-07-2020 21:50,veganism
,,,,,,,,,,,,,,,,,,,11-09-2020 13:52,veganism
,,,,,,,,,,,,,,,,,,,04-09-2020 17:20,veganism
,,,,,,,,,,,,,,,,,,,14-12-2020 02:40,veganism
,,,,,,,,,,,,,,,,,,,28-10-2020 09:40,veganism
,,,,,,,,,,,,,,,,,,,17-04-2021 02:35,veganism
,,,,,,,,,,,,,,,,,,,17-05-2021 03:04,veganism
,,,,,,,,,,,,,,,,,,,12-09-2020 00:16,veganism
,,,,,,,,,,,,,,,,,,,21-01-2021 19:03,veganism
,,,,,,,,,,,,,,,,,,,15-05-2021 00:40,veganism
,,,,,,,,,,,,,,,,,,,22-04-2021 22:40,veganism
,,,,,,,,,,,,,,,,,,,17-11-2020 06:04,veganism
,,,,,,,,,,,,,,,,,,,07-09-2020 07:21,veganism
,,,,,,,,,,,,,,,,,,,13-12-2020 03:34,veganism
,,,,,,,,,,,,,,,,,,,20-06-2020 06:12,veganism
,,,,,,,,,,,,,,,,,,,29-12-2020 22:12,veganism
,,,,,,,,,,,,,,,,,,,03-09-2020 01:43,veganism
,,,,,,,,,,,,,,,,,,,25-07-2020 20:19,veganism
,,,,,,,,,,,,,,,,,,,14-04-2021 14:22,veganism
,,,,,,,,,,,,,,,,,,,29-12-2020 20:43,veganism
,,,,,,,,,,,,,,,,,,,22-10-2020 02:25,veganism
,,,,,,,,,,,,,,,,,,,06-12-2020 11:54,veganism
,,,,,,,,,,,,,,,,,,,27-05-2021 09:24,veganism
,,,,,,,,,,,,,,,,,,,12-02-2021 02:41,veganism
,,,,,,,,,,,,,,,,,,,14-01-2021 13:27,veganism
,,,,,,,,,,,,,,,,,,,25-07-2020 15:40,veganism
,,,,,,,,,,,,,,,,,,,05-10-2020 19:54,veganism
,,,,,,,,,,,,,,,,,,,20-10-2020 14:39,veganism
,,,,,,,,,,,,,,,,,,,16-05-2021 12:27,veganism
,,,,,,,,,,,,,,,,,,,30-07-2020 18:47,veganism
,,,,,,,,,,,,,,,,,,,20-06-2020 19:53,veganism
,,,,,,,,,,,,,,,,,,,16-07-2020 23:51,veganism
,,,,,,,,,,,,,,,,,,,27-07-2020 05:46,veganism
,,,,,,,,,,,,,,,,,,,12-12-2020 08:05,veganism
,,,,,,,,,,,,,,,,,,,12-04-2021 10:10,veganism
,,,,,,,,,,,,,,,,,,,04-01-2021 10:49,veganism
,,,,,,,,,,,,,,,,,,,17-03-2021 12:05,veganism
,,,,,,,,,,,,,,,,,,,14-10-2020 07:49,veganism
,,,,,,,,,,,,,,,,,,,01-01-2021 12:52,veganism
,,,,,,,,,,,,,,,,,,,16-10-2020 17:47,veganism
,,,,,,,,,,,,,,,,,,,11-07-2020 05:19,veganism
,,,,,,,,,,,,,,,,,,,08-07-2020 18:14,veganism
,,,,,,,,,,,,,,,,,,,11-06-2021 18:56,veganism
,,,,,,,,,,,,,,,,,,,26-02-2021 04:08,veganism
,,,,,,,,,,,,,,,,,,,04-12-2020 21:14,veganism
,,,,,,,,,,,,,,,,,,,22-07-2020 15:41,veganism
,,,,,,,,,,,,,,,,,,,21-01-2021 23:13,veganism
,,,,,,,,,,,,,,,,,,,14-05-2021 14:16,veganism
,,,,,,,,,,,,,,,,,,,29-11-2020 00:11,veganism
,,,,,,,,,,,,,,,,,,,16-02-2021 08:48,veganism
,,,,,,,,,,,,,,,,,,,07-07-2020 05:00,veganism
,,,,,,,,,,,,,,,,,,,12-07-2020 02:38,veganism
,,,,,,,,,,,,,,,,,,,30-08-2020 20:54,veganism
,,,,,,,,,,,,,,,,,,,21-12-2020 12:09,veganism
,,,,,,,,,,,,,,,,,,,30-04-2021 20:28,veganism
,,,,,,,,,,,,,,,,,,,27-04-2021 21:52,veganism
,,,,,,,,,,,,,,,,,,,04-01-2021 14:57,veganism
,,,,,,,,,,,,,,,,,,,26-04-2021 20:43,veganism
,,,,,,,,,,,,,,,,,,,22-10-2020 18:23,veganism
,,,,,,,,,,,,,,,,,,,20-05-2021 06:58,veganism
,,,,,,,,,,,,,,,,,,,06-08-2020 03:50,veganism
,,,,,,,,,,,,,,,,,,,05-01-2021 02:07,veganism
,,,,,,,,,,,,,,,,,,,31-12-2020 16:51,veganism
,,,,,,,,,,,,,,,,,,,09-06-2021 06:52,veganism
,,,,,,,,,,,,,,,,,,,10-10-2020 03:26,veganism
,,,,,,,,,,,,,,,,,,,18-11-2020 23:12,veganism
,,,,,,,,,,,,,,,,,,,04-10-2020 10:35,veganism
,,,,,,,,,,,,,,,,,,,03-11-2020 20:51,veganism
,,,,,,,,,,,,,,,,,,,24-12-2020 23:12,veganism
,,,,,,,,,,,,,,,,,,,12-09-2020 23:33,veganism
,,,,,,,,,,,,,,,,,,,15-12-2020 18:12,veganism
,,,,,,,,,,,,,,,,,,,23-04-2021 11:38,veganism
,,,,,,,,,,,,,,,,,,,03-07-2020 04:51,veganism
,,,,,,,,,,,,,,,,,,,06-10-2020 10:29,veganism
,,,,,,,,,,,,,,,,,,,22-07-2020 00:20,veganism
,,,,,,,,,,,,,,,,,,,06-11-2020 22:52,veganism
,,,,,,,,,,,,,,,,,,,10-09-2020 14:35,veganism
,,,,,,,,,,,,,,,,,,,24-12-2020 13:26,veganism
,,,,,,,,,,,,,,,,,,,15-03-2021 05:41,veganism
,,,,,,,,,,,,,,,,,,,05-08-2020 09:32,veganism
,,,,,,,,,,,,,,,,,,,19-09-2020 09:30,veganism
,,,,,,,,,,,,,,,,,,,20-02-2021 10:25,veganism
,,,,,,,,,,,,,,,,,,,25-06-2020 18:08,veganism
,,,,,,,,,,,,,,,,,,,30-07-2020 20:59,veganism
,,,,,,,,,,,,,,,,,,,07-02-2021 19:05,veganism
,,,,,,,,,,,,,,,,,,,04-06-2021 20:04,veganism
,,,,,,,,,,,,,,,,,,,16-12-2020 09:08,veganism
,,,,,,,,,,,,,,,,,,,27-03-2021 11:09,veganism
,,,,,,,,,,,,,,,,,,,08-04-2021 14:05,veganism
,,,,,,,,,,,,,,,,,,,10-04-2021 08:51,veganism
,,,,,,,,,,,,,,,,,,,15-10-2020 11:24,veganism
,,,,,,,,,,,,,,,,,,,06-07-2020 09:26,veganism
,,,,,,,,,,,,,,,,,,,27-02-2021 11:48,veganism
,,,,,,,,,,,,,,,,,,,07-01-2021 16:41,veganism
,,,,,,,,,,,,,,,,,,,01-03-2021 20:22,veganism
,,,,,,,,,,,,,,,,,,,10-12-2020 02:19,veganism
,,,,,,,,,,,,,,,,,,,26-11-2020 10:43,veganism
,,,,,,,,,,,,,,,,,,,04-10-2020 22:26,veganism
,,,,,,,,,,,,,,,,,,,26-02-2021 22:34,veganism
,,,,,,,,,,,,,,,,,,,18-09-2020 10:50,veganism
,,,,,,,,,,,,,,,,,,,22-06-2020 06:19,veganism
,,,,,,,,,,,,,,,,,,,10-12-2020 08:48,veganism
,,,,,,,,,,,,,,,,,,,06-04-2021 18:43,veganism
,,,,,,,,,,,,,,,,,,,31-07-2020 05:16,veganism
,,,,,,,,,,,,,,,,,,,12-05-2021 21:26,veganism
,,,,,,,,,,,,,,,,,,,09-06-2021 07:43,veganism
,,,,,,,,,,,,,,,,,,,04-10-2020 03:52,veganism
